year,state_code,race_label,total,approved,approval_rate
2018,AK,Asian,158,147,0.93
2018,AK,Black,46,41,0.891
2018,AK,Hawaiian,14,13,0.929
2018,AK,Indigenous,211,193,0.915
2018,AK,White,2012,1928,0.958
2018,AL,Asian,594,548,0.923
2018,AL,Black,1619,1393,0.86
2018,AL,Hawaiian,19,18,0.947
2018,AL,Indigenous,60,52,0.867
2018,AL,White,12814,12039,0.94
2018,AR,Asian,313,276,0.882
2018,AR,Black,529,451,0.853
2018,AR,Hawaiian,11,10,0.909
2018,AR,Indigenous,46,43,0.935
2018,AR,White,7863,7300,0.928
2018,AZ,Asian,2285,2094,0.916
2018,AZ,Black,1331,1184,0.89
2018,AZ,Hawaiian,112,104,0.929
2018,AZ,Indigenous,340,311,0.915
2018,AZ,White,38941,36305,0.932
2018,CA,Asian,39202,35526,0.906
2018,CA,Black,4732,4193,0.886
2018,CA,Hawaiian,696,610,0.876
2018,CA,Indigenous,1071,970,0.906
2018,CA,White,101631,93711,0.922
2018,CO,Asian,2170,2043,0.941
2018,CO,Black,776,720,0.928
2018,CO,Hawaiian,72,65,0.903
2018,CO,Indigenous,262,240,0.916
2018,CO,White,35784,33738,0.943
2018,CT,Asian,926,848,0.916
2018,CT,Black,884,749,0.847
2018,CT,Hawaiian,34,29,0.853
2018,CT,Indigenous,43,38,0.884
2018,CT,White,11830,11012,0.931
2018,DC,Asian,297,283,0.953
2018,DC,Black,696,613,0.881
2018,DC,Hawaiian,3,2,0.667
2018,DC,Indigenous,22,20,0.909
2018,DC,White,2103,2001,0.951
2018,DE,Asian,325,293,0.902
2018,DE,Black,533,458,0.859
2018,DE,Hawaiian,9,9,1.0
2018,DE,Indigenous,23,21,0.913
2018,DE,White,3021,2830,0.937
2018,FL,Asian,4933,4268,0.865
2018,FL,Black,8316,6879,0.827
2018,FL,Hawaiian,284,231,0.813
2018,FL,Indigenous,487,420,0.862
2018,FL,White,97708,87195,0.892
2018,GA,Asian,4903,4445,0.907
2018,GA,Black,7312,6089,0.833
2018,GA,Hawaiian,68,57,0.838
2018,GA,Indigenous,200,169,0.845
2018,GA,White,30424,28252,0.929
2018,GU,Asian,12,7,0.583
2018,GU,Hawaiian,2,1,0.5
2018,GU,White,1,0,0.0
2018,HI,Asian,2326,2157,0.927
2018,HI,Black,34,31,0.912
2018,HI,Hawaiian,318,294,0.925
2018,HI,Indigenous,43,39,0.907
2018,HI,White,1758,1605,0.913
2018,IA,Asian,542,513,0.946
2018,IA,Black,311,276,0.887
2018,IA,Hawaiian,6,5,0.833
2018,IA,Indigenous,50,42,0.84
2018,IA,White,13936,13141,0.943
2018,ID,Asian,244,222,0.91
2018,ID,Black,55,53,0.964
2018,ID,Hawaiian,34,31,0.912
2018,ID,Indigenous,109,102,0.936
2018,ID,White,12014,11315,0.942
2018,IL,Asian,5056,4631,0.916
2018,IL,Black,3104,2596,0.836
2018,IL,Hawaiian,66,60,0.909
2018,IL,Indigenous,177,149,0.842
2018,IL,White,45518,42387,0.931
2018,IN,Asian,1464,1347,0.92
2018,IN,Black,1194,1055,0.884
2018,IN,Hawaiian,31,27,0.871
2018,IN,Indigenous,72,67,0.931
2018,IN,White,26762,25167,0.94
2018,KS,Asian,529,476,0.9
2018,KS,Black,234,210,0.897
2018,KS,Hawaiian,9,8,0.889
2018,KS,Indigenous,76,66,0.868
2018,KS,White,9048,8577,0.948
2018,KY,Asian,535,481,0.899
2018,KY,Black,589,504,0.856
2018,KY,Hawaiian,18,18,1.0
2018,KY,Indigenous,38,35,0.921
2018,KY,White,13442,12540,0.933
2018,LA,Asian,444,400,0.901
2018,LA,Black,1423,1192,0.838
2018,LA,Hawaiian,31,26,0.839
2018,LA,Indigenous,53,43,0.811
2018,LA,White,9577,9020,0.942
2018,MA,Asian,3688,3401,0.922
2018,MA,Black,1701,1508,0.887
2018,MA,Hawaiian,52,41,0.788
2018,MA,Indigenous,80,66,0.825
2018,MA,White,24720,23322,0.943
2018,MD,Asian,3347,3033,0.906
2018,MD,Black,4820,4282,0.888
2018,MD,Hawaiian,65,57,0.877
2018,MD,Indigenous,97,81,0.835
2018,MD,White,16352,15489,0.947
2018,ME,Asian,91,84,0.923
2018,ME,Black,35,29,0.829
2018,ME,Hawaiian,4,4,1.0
2018,ME,Indigenous,12,9,0.75
2018,ME,White,4092,3715,0.908
2018,MI,Asian,2180,2021,0.927
2018,MI,Black,2221,1863,0.839
2018,MI,Hawaiian,44,32,0.727
2018,MI,Indigenous,195,165,0.846
2018,MI,White,40046,37528,0.937
2018,MN,Asian,2144,2005,0.935
2018,MN,Black,1143,1025,0.897
2018,MN,Hawaiian,49,45,0.918
2018,MN,Indigenous,140,130,0.929
2018,MN,White,26435,25351,0.959
2018,MO,Asian,831,767,0.923
2018,MO,Black,969,836,0.863
2018,MO,Hawaiian,24,23,0.958
2018,MO,Indigenous,109,97,0.89
2018,MO,White,21374,20158,0.943
2018,MS,Asian,179,152,0.849
2018,MS,Black,874,700,0.801
2018,MS,Hawaiian,10,8,0.8
2018,MS,Indigenous,23,18,0.783
2018,MS,White,4819,4472,0.928
2018,MT,Asian,50,49,0.98
2018,MT,Black,16,14,0.875
2018,MT,Hawaiian,10,10,1.0
2018,MT,Indigenous,32,29,0.906
2018,MT,White,4317,4063,0.941
2018,NC,Asian,2899,2612,0.901
2018,NC,Black,5197,4456,0.857
2018,NC,Hawaiian,81,76,0.938
2018,NC,Indigenous,291,247,0.849
2018,NC,White,38956,36394,0.934
2018,ND,Asian,52,49,0.942
2018,ND,Black,32,31,0.969
2018,ND,Hawaiian,1,1,1.0
2018,ND,Indigenous,23,18,0.783
2018,ND,White,2662,2567,0.964
2018,NE,Asian,341,326,0.956
2018,NE,Black,157,141,0.898
2018,NE,Hawaiian,14,14,1.0
2018,NE,Indigenous,43,39,0.907
2018,NE,White,7290,6958,0.954
2018,NH,Asian,224,208,0.929
2018,NH,Black,94,79,0.84
2018,NH,Hawaiian,8,6,0.75
2018,NH,Indigenous,21,20,0.952
2018,NH,White,6521,6061,0.929
2018,NJ,Asian,6041,5373,0.889
2018,NJ,Black,2162,1814,0.839
2018,NJ,Hawaiian,81,68,0.84
2018,NJ,Indigenous,95,75,0.789
2018,NJ,White,27863,25816,0.927
2018,NM,Asian,222,198,0.892
2018,NM,Black,90,82,0.911
2018,NM,Hawaiian,7,7,1.0
2018,NM,Indigenous,125,104,0.832
2018,NM,White,5814,5304,0.912
2018,NV,Asian,2647,2312,0.873
2018,NV,Black,1108,981,0.885
2018,NV,Hawaiian,216,201,0.931
2018,NV,Indigenous,158,144,0.911
2018,NV,White,15691,14456,0.921
2018,NY,Asian,9517,8496,0.893
2018,NY,Black,3379,2828,0.837
2018,NY,Hawaiian,136,110,0.809
2018,NY,Indigenous,196,147,0.75
2018,NY,White,42049,38609,0.918
2018,OH,Asian,2404,2221,0.924
2018,OH,Black,2505,2149,0.858
2018,OH,Hawaiian,59,50,0.847
2018,OH,Indigenous,127,101,0.795
2018,OH,White,41119,38737,0.942
2018,OK,Asian,566,522,0.922
2018,OK,Black,311,273,0.878
2018,OK,Hawaiian,23,21,0.913
2018,OK,Indigenous,592,532,0.899
2018,OK,White,9690,8980,0.927
2018,OR,Asian,1654,1550,0.937
2018,OR,Black,273,247,0.905
2018,OR,Hawaiian,79,77,0.975
2018,OR,Indigenous,185,173,0.935
2018,OR,White,19007,17996,0.947
2018,PA,Asian,3485,3115,0.894
2018,PA,Black,2007,1656,0.825
2018,PA,Hawaiian,73,64,0.877
2018,PA,Indigenous,134,114,0.851
2018,PA,White,37509,35147,0.937
2018,PR,Asian,10,5,0.5
2018,PR,Black,95,78,0.821
2018,PR,Hawaiian,2,2,1.0
2018,PR,Indigenous,6,3,0.5
2018,PR,White,1443,1194,0.827
2018,RI,Asian,146,132,0.904
2018,RI,Black,149,128,0.859
2018,RI,Hawaiian,7,6,0.857
2018,RI,Indigenous,14,10,0.714
2018,RI,White,4147,3901,0.941
2018,SC,Asian,800,702,0.878
2018,SC,Black,1778,1473,0.828
2018,SC,Hawaiian,35,26,0.743
2018,SC,Indigenous,96,75,0.781
2018,SC,White,20822,19434,0.933
2018,SD,Asian,68,64,0.941
2018,SD,Black,28,28,1.0
2018,SD,Hawaiian,3,3,1.0
2018,SD,Indigenous,36,34,0.944
2018,SD,White,3065,2909,0.949
2018,TN,Asian,1212,1083,0.894
2018,TN,Black,1622,1390,0.857
2018,TN,Hawaiian,38,35,0.921
2018,TN,Indigenous,96,82,0.854
2018,TN,White,24463,22778,0.931
2018,TX,Asian,13826,12523,0.906
2018,TX,Black,7025,6095,0.868
2018,TX,Hawaiian,238,199,0.836
2018,TX,Indigenous,891,772,0.866
2018,TX,White,91083,84750,0.93
2018,UT,Asian,897,836,0.932
2018,UT,Black,169,155,0.917
2018,UT,Hawaiian,155,150,0.968
2018,UT,Indigenous,89,82,0.921
2018,UT,White,22085,20942,0.948
2018,VA,Asian,5195,4720,0.909
2018,VA,Black,2975,2654,0.892
2018,VA,Hawaiian,65,55,0.846
2018,VA,Indigenous,155,138,0.89
2018,VA,White,25705,24376,0.948
2018,VI,White,1,1,1.0
2018,VT,Asian,59,55,0.932
2018,VT,Black,18,18,1.0
2018,VT,Hawaiian,1,1,1.0
2018,VT,Indigenous,5,2,0.4
2018,VT,White,2183,2025,0.928
2018,WA,Asian,7536,6925,0.919
2018,WA,Black,1174,1040,0.886
2018,WA,Hawaiian,198,185,0.934
2018,WA,Indigenous,400,379,0.948
2018,WA,White,33352,31415,0.942
2018,WI,Asian,1078,987,0.916
2018,WI,Black,623,514,0.825
2018,WI,Hawaiian,25,22,0.88
2018,WI,Indigenous,119,107,0.899
2018,WI,White,26334,24665,0.937
2018,WV,Asian,76,62,0.816
2018,WV,Black,60,46,0.767
2018,WV,Hawaiian,6,5,0.833
2018,WV,Indigenous,7,6,0.857
2018,WV,White,3705,3387,0.914
2018,WY,Asian,22,21,0.955
2018,WY,Black,5,5,1.0
2018,WY,Hawaiian,1,1,1.0
2018,WY,Indigenous,7,6,0.857
2018,WY,White,1838,1721,0.936
2019,AK,Asian,144,131,0.91
2019,AK,Black,51,47,0.922
2019,AK,Hawaiian,19,17,0.895
2019,AK,Indigenous,174,162,0.931
2019,AK,White,1970,1892,0.96
2019,AL,Asian,525,481,0.916
2019,AL,Black,1902,1599,0.841
2019,AL,Hawaiian,19,18,0.947
2019,AL,Indigenous,60,51,0.85
2019,AL,White,13174,12475,0.947
2019,AR,Asian,354,329,0.929
2019,AR,Black,521,411,0.789
2019,AR,Hawaiian,10,8,0.8
2019,AR,Indigenous,57,49,0.86
2019,AR,White,7948,7398,0.931
2019,AZ,Asian,2284,2093,0.916
2019,AZ,Black,1236,1087,0.879
2019,AZ,Hawaiian,104,95,0.913
2019,AZ,Indigenous,337,309,0.917
2019,AZ,White,38312,35960,0.939
2019,CA,Asian,34377,31506,0.916
2019,CA,Black,4571,4019,0.879
2019,CA,Hawaiian,635,585,0.921
2019,CA,Indigenous,977,886,0.907
2019,CA,White,95958,89260,0.93
2019,CO,Asian,2231,2068,0.927
2019,CO,Black,880,817,0.928
2019,CO,Hawaiian,72,66,0.917
2019,CO,Indigenous,286,269,0.941
2019,CO,White,35291,33513,0.95
2019,CT,Asian,878,786,0.895
2019,CT,Black,889,745,0.838
2019,CT,Hawaiian,28,24,0.857
2019,CT,Indigenous,67,60,0.896
2019,CT,White,11058,10259,0.928
2019,DC,Asian,283,265,0.936
2019,DC,Black,666,592,0.889
2019,DC,Hawaiian,4,4,1.0
2019,DC,Indigenous,15,14,0.933
2019,DC,White,2010,1947,0.969
2019,DE,Asian,304,269,0.885
2019,DE,Black,573,509,0.888
2019,DE,Hawaiian,6,6,1.0
2019,DE,Indigenous,19,18,0.947
2019,DE,White,3213,3062,0.953
2019,FL,Asian,5047,4380,0.868
2019,FL,Black,8601,7207,0.838
2019,FL,Hawaiian,213,179,0.84
2019,FL,Indigenous,453,379,0.837
2019,FL,White,98203,88833,0.905
2019,GA,Asian,4309,3916,0.909
2019,GA,Black,7659,6483,0.846
2019,GA,Hawaiian,70,59,0.843
2019,GA,Indigenous,207,175,0.845
2019,GA,White,30894,28912,0.936
2019,HI,Asian,2286,2151,0.941
2019,HI,Black,36,32,0.889
2019,HI,Hawaiian,296,259,0.875
2019,HI,Indigenous,33,29,0.879
2019,HI,White,1663,1538,0.925
2019,IA,Asian,493,464,0.941
2019,IA,Black,290,260,0.897
2019,IA,Hawaiian,9,9,1.0
2019,IA,Indigenous,42,36,0.857
2019,IA,White,13462,12741,0.946
2019,ID,Asian,265,244,0.921
2019,ID,Black,57,54,0.947
2019,ID,Hawaiian,22,20,0.909
2019,ID,Indigenous,101,96,0.95
2019,ID,White,12166,11596,0.953
2019,IL,Asian,4811,4463,0.928
2019,IL,Black,3018,2521,0.835
2019,IL,Hawaiian,67,56,0.836
2019,IL,Indigenous,188,160,0.851
2019,IL,White,42892,40138,0.936
2019,IN,Asian,1456,1309,0.899
2019,IN,Black,1298,1126,0.867
2019,IN,Hawaiian,17,16,0.941
2019,IN,Indigenous,70,64,0.914
2019,IN,White,26130,24712,0.946
2019,KS,Asian,494,452,0.915
2019,KS,Black,239,219,0.916
2019,KS,Hawaiian,14,13,0.929
2019,KS,Indigenous,80,72,0.9
2019,KS,White,9046,8558,0.946
2019,KY,Asian,518,475,0.917
2019,KY,Black,638,572,0.897
2019,KY,Hawaiian,15,11,0.733
2019,KY,Indigenous,42,35,0.833
2019,KY,White,13396,12487,0.932
2019,LA,Asian,460,429,0.933
2019,LA,Black,1515,1252,0.826
2019,LA,Hawaiian,30,27,0.9
2019,LA,Indigenous,50,45,0.9
2019,LA,White,9296,8803,0.947
2019,MA,Asian,3220,2962,0.92
2019,MA,Black,1551,1377,0.888
2019,MA,Hawaiian,50,42,0.84
2019,MA,Indigenous,68,55,0.809
2019,MA,White,23679,22398,0.946
2019,MD,Asian,3262,2981,0.914
2019,MD,Black,5314,4693,0.883
2019,MD,Hawaiian,41,34,0.829
2019,MD,Indigenous,114,100,0.877
2019,MD,White,16718,15893,0.951
2019,ME,Asian,87,83,0.954
2019,ME,Black,41,38,0.927
2019,ME,Hawaiian,2,2,1.0
2019,ME,Indigenous,19,14,0.737
2019,ME,White,4301,3986,0.927
2019,MI,Asian,2023,1878,0.928
2019,MI,Black,2157,1820,0.844
2019,MI,Hawaiian,39,33,0.846
2019,MI,Indigenous,177,152,0.859
2019,MI,White,38688,36304,0.938
2019,MN,Asian,2177,2049,0.941
2019,MN,Black,1271,1172,0.922
2019,MN,Hawaiian,37,35,0.946
2019,MN,Indigenous,165,148,0.897
2019,MN,White,25994,25103,0.966
2019,MO,Asian,769,708,0.921
2019,MO,Black,1086,936,0.862
2019,MO,Hawaiian,25,24,0.96
2019,MO,Indigenous,121,102,0.843
2019,MO,White,20904,19808,0.948
2019,MS,Asian,170,148,0.871
2019,MS,Black,870,702,0.807
2019,MS,Hawaiian,6,4,0.667
2019,MS,Indigenous,31,26,0.839
2019,MS,White,4717,4378,0.928
2019,MT,Asian,36,35,0.972
2019,MT,Black,19,17,0.895
2019,MT,Hawaiian,10,9,0.9
2019,MT,Indigenous,51,42,0.824
2019,MT,White,4639,4346,0.937
2019,NC,Asian,3010,2741,0.911
2019,NC,Black,5706,4946,0.867
2019,NC,Hawaiian,72,62,0.861
2019,NC,Indigenous,301,260,0.864
2019,NC,White,41230,38556,0.935
2019,ND,Asian,36,30,0.833
2019,ND,Black,22,18,0.818
2019,ND,Hawaiian,4,4,1.0
2019,ND,Indigenous,39,24,0.615
2019,ND,White,2542,2429,0.956
2019,NE,Asian,347,333,0.96
2019,NE,Black,179,162,0.905
2019,NE,Hawaiian,14,11,0.786
2019,NE,Indigenous,29,26,0.897
2019,NE,White,7261,6974,0.96
2019,NH,Asian,232,199,0.858
2019,NH,Black,67,52,0.776
2019,NH,Hawaiian,7,6,0.857
2019,NH,Indigenous,22,18,0.818
2019,NH,White,6400,5979,0.934
2019,NJ,Asian,5721,5154,0.901
2019,NJ,Black,2249,1922,0.855
2019,NJ,Hawaiian,71,55,0.775
2019,NJ,Indigenous,90,74,0.822
2019,NJ,White,27858,25928,0.931
2019,NM,Asian,275,254,0.924
2019,NM,Black,100,84,0.84
2019,NM,Hawaiian,10,10,1.0
2019,NM,Indigenous,138,125,0.906
2019,NM,White,5777,5372,0.93
2019,NV,Asian,2256,2029,0.899
2019,NV,Black,966,855,0.885
2019,NV,Hawaiian,147,137,0.932
2019,NV,Indigenous,118,106,0.898
2019,NV,White,13599,12555,0.923
2019,NY,Asian,8731,7838,0.898
2019,NY,Black,3632,3103,0.854
2019,NY,Hawaiian,157,122,0.777
2019,NY,Indigenous,170,141,0.829
2019,NY,White,40926,37804,0.924
2019,OH,Asian,2318,2146,0.926
2019,OH,Black,2606,2269,0.871
2019,OH,Hawaiian,45,39,0.867
2019,OH,Indigenous,118,102,0.864
2019,OH,White,41909,39759,0.949
2019,OK,Asian,599,553,0.923
2019,OK,Black,343,296,0.863
2019,OK,Hawaiian,17,13,0.765
2019,OK,Indigenous,733,672,0.917
2019,OK,White,9711,9084,0.935
2019,OR,Asian,1646,1533,0.931
2019,OR,Black,327,294,0.899
2019,OR,Hawaiian,70,65,0.929
2019,OR,Indigenous,193,181,0.938
2019,OR,White,18858,17932,0.951
2019,PA,Asian,3525,3195,0.906
2019,PA,Black,2246,1859,0.828
2019,PA,Hawaiian,71,59,0.831
2019,PA,Indigenous,124,103,0.831
2019,PA,White,37548,35226,0.938
2019,PR,Asian,12,8,0.667
2019,PR,Black,100,76,0.76
2019,PR,Hawaiian,1,0,0.0
2019,PR,Indigenous,7,3,0.429
2019,PR,White,1738,1388,0.799
2019,RI,Asian,162,144,0.889
2019,RI,Black,140,120,0.857
2019,RI,Hawaiian,5,4,0.8
2019,RI,Indigenous,13,9,0.692
2019,RI,White,3942,3695,0.937
2019,SC,Asian,838,750,0.895
2019,SC,Black,2024,1688,0.834
2019,SC,Hawaiian,27,23,0.852
2019,SC,Indigenous,103,85,0.825
2019,SC,White,21529,20100,0.934
2019,SD,Asian,48,46,0.958
2019,SD,Black,27,26,0.963
2019,SD,Hawaiian,2,2,1.0
2019,SD,Indigenous,29,26,0.897
2019,SD,White,2897,2744,0.947
2019,TN,Asian,1158,1053,0.909
2019,TN,Black,1792,1567,0.874
2019,TN,Hawaiian,36,27,0.75
2019,TN,Indigenous,119,108,0.908
2019,TN,White,25389,23782,0.937
2019,TX,Asian,13330,12108,0.908
2019,TX,Black,7298,6255,0.857
2019,TX,Hawaiian,229,193,0.843
2019,TX,Indigenous,1013,884,0.873
2019,TX,White,91806,85552,0.932
2019,UT,Asian,901,838,0.93
2019,UT,Black,163,151,0.926
2019,UT,Hawaiian,124,117,0.944
2019,UT,Indigenous,100,94,0.94
2019,UT,White,20836,19697,0.945
2019,VA,Asian,5144,4752,0.924
2019,VA,Black,3035,2729,0.899
2019,VA,Hawaiian,62,55,0.887
2019,VA,Indigenous,152,134,0.882
2019,VA,White,26261,25008,0.952
2019,VT,Asian,56,54,0.964
2019,VT,Black,20,18,0.9
2019,VT,Indigenous,14,13,0.929
2019,VT,White,2054,1907,0.928
2019,WA,Asian,6764,6243,0.923
2019,WA,Black,1181,1080,0.914
2019,WA,Hawaiian,186,168,0.903
2019,WA,Indigenous,384,353,0.919
2019,WA,White,32442,30683,0.946
2019,WI,Asian,1074,973,0.906
2019,WI,Black,745,568,0.762
2019,WI,Hawaiian,21,20,0.952
2019,WI,Indigenous,136,119,0.875
2019,WI,White,25520,23963,0.939
2019,WV,Asian,82,72,0.878
2019,WV,Black,85,77,0.906
2019,WV,Hawaiian,2,2,1.0
2019,WV,Indigenous,13,11,0.846
2019,WV,White,3572,3243,0.908
2019,WY,Asian,18,18,1.0
2019,WY,Black,8,8,1.0
2019,WY,Hawaiian,2,2,1.0
2019,WY,Indigenous,10,8,0.8
2019,WY,White,1895,1776,0.937
2020,AK,Asian,198,180,0.909
2020,AK,Black,41,40,0.976
2020,AK,Hawaiian,21,20,0.952
2020,AK,Indigenous,198,185,0.934
2020,AK,White,2168,2064,0.952
2020,AL,Asian,621,560,0.902
2020,AL,Black,2411,2051,0.851
2020,AL,Hawaiian,22,18,0.818
2020,AL,Indigenous,100,87,0.87
2020,AL,White,15582,14753,0.947
2020,AR,Asian,380,357,0.939
2020,AR,Black,655,511,0.78
2020,AR,Hawaiian,14,12,0.857
2020,AR,Indigenous,109,98,0.899
2020,AR,White,8875,8275,0.932
2020,AZ,Asian,2358,2167,0.919
2020,AZ,Black,1382,1225,0.886
2020,AZ,Hawaiian,104,92,0.885
2020,AZ,Indigenous,388,338,0.871
2020,AZ,White,39611,37075,0.936
2020,CA,Asian,34437,31543,0.916
2020,CA,Black,4961,4350,0.877
2020,CA,Hawaiian,682,629,0.922
2020,CA,Indigenous,1326,1199,0.904
2020,CA,White,99876,92977,0.931
2020,CO,Asian,2251,2075,0.922
2020,CO,Black,920,834,0.907
2020,CO,Hawaiian,84,82,0.976
2020,CO,Indigenous,403,362,0.898
2020,CO,White,36686,34905,0.951
2020,CT,Asian,1044,960,0.92
2020,CT,Black,1154,985,0.854
2020,CT,Hawaiian,30,25,0.833
2020,CT,Indigenous,90,80,0.889
2020,CT,White,14321,13404,0.936
2020,DC,Asian,328,305,0.93
2020,DC,Black,715,636,0.89
2020,DC,Hawaiian,6,6,1.0
2020,DC,Indigenous,26,23,0.885
2020,DC,White,2264,2163,0.955
2020,DE,Asian,302,269,0.891
2020,DE,Black,669,583,0.871
2020,DE,Hawaiian,10,9,0.9
2020,DE,Indigenous,28,23,0.821
2020,DE,White,3689,3475,0.942
2020,FL,Asian,5101,4395,0.862
2020,FL,Black,9221,7652,0.83
2020,FL,Hawaiian,211,176,0.834
2020,FL,Indigenous,572,472,0.825
2020,FL,White,109815,99333,0.905
2020,GA,Asian,4692,4253,0.906
2020,GA,Black,8996,7566,0.841
2020,GA,Hawaiian,68,56,0.824
2020,GA,Indigenous,248,207,0.835
2020,GA,White,34699,32464,0.936
2020,GU,Asian,8,7,0.875
2020,GU,Hawaiian,1,0,0.0
2020,GU,White,3,3,1.0
2020,HI,Asian,1882,1748,0.929
2020,HI,Black,55,44,0.8
2020,HI,Hawaiian,257,230,0.895
2020,HI,Indigenous,46,40,0.87
2020,HI,White,1577,1451,0.92
2020,IA,Asian,541,506,0.935
2020,IA,Black,353,314,0.89
2020,IA,Hawaiian,15,12,0.8
2020,IA,Indigenous,54,46,0.852
2020,IA,White,14852,14000,0.943
2020,ID,Asian,269,258,0.959
2020,ID,Black,68,64,0.941
2020,ID,Hawaiian,29,27,0.931
2020,ID,Indigenous,125,112,0.896
2020,ID,White,12985,12294,0.947
2020,IL,Asian,5138,4684,0.912
2020,IL,Black,3762,3157,0.839
2020,IL,Hawaiian,48,44,0.917
2020,IL,Indigenous,265,224,0.845
2020,IL,White,48253,45168,0.936
2020,IN,Asian,1866,1674,0.897
2020,IN,Black,1590,1378,0.867
2020,IN,Hawaiian,43,42,0.977
2020,IN,Indigenous,90,76,0.844
2020,IN,White,28753,27226,0.947
2020,KS,Asian,567,528,0.931
2020,KS,Black,297,267,0.899
2020,KS,Hawaiian,15,13,0.867
2020,KS,Indigenous,95,84,0.884
2020,KS,White,10523,10014,0.952
2020,KY,Asian,532,484,0.91
2020,KY,Black,743,662,0.891
2020,KY,Hawaiian,18,16,0.889
2020,KY,Indigenous,35,31,0.886
2020,KY,White,14623,13568,0.928
2020,LA,Asian,513,462,0.901
2020,LA,Black,1647,1301,0.79
2020,LA,Hawaiian,28,23,0.821
2020,LA,Indigenous,58,49,0.845
2020,LA,White,10182,9643,0.947
2020,MA,Asian,3351,3083,0.92
2020,MA,Black,1741,1556,0.894
2020,MA,Hawaiian,33,27,0.818
2020,MA,Indigenous,96,85,0.885
2020,MA,White,24554,23253,0.947
2020,MD,Asian,3145,2859,0.909
2020,MD,Black,5843,5135,0.879
2020,MD,Hawaiian,82,70,0.854
2020,MD,Indigenous,132,120,0.909
2020,MD,White,17896,16995,0.95
2020,ME,Asian,99,93,0.939
2020,ME,Black,70,63,0.9
2020,ME,Hawaiian,2,2,1.0
2020,ME,Indigenous,28,23,0.821
2020,ME,White,5209,4781,0.918
2020,MI,Asian,2068,1919,0.928
2020,MI,Black,2414,2015,0.835
2020,MI,Hawaiian,30,26,0.867
2020,MI,Indigenous,170,155,0.912
2020,MI,White,39851,37388,0.938
2020,MN,Asian,2371,2226,0.939
2020,MN,Black,1463,1331,0.91
2020,MN,Hawaiian,34,31,0.912
2020,MN,Indigenous,241,226,0.938
2020,MN,White,28827,27693,0.961
2020,MO,Asian,888,820,0.923
2020,MO,Black,1403,1207,0.86
2020,MO,Hawaiian,28,25,0.893
2020,MO,Indigenous,147,130,0.884
2020,MO,White,23988,22758,0.949
2020,MS,Asian,212,189,0.892
2020,MS,Black,1156,936,0.81
2020,MS,Hawaiian,7,7,1.0
2020,MS,Indigenous,23,22,0.957
2020,MS,White,5379,5028,0.935
2020,MT,Asian,66,58,0.879
2020,MT,Black,18,17,0.944
2020,MT,Hawaiian,7,6,0.857
2020,MT,Indigenous,83,76,0.916
2020,MT,White,5453,5123,0.939
2020,NC,Asian,3139,2847,0.907
2020,NC,Black,6643,5664,0.853
2020,NC,Hawaiian,91,80,0.879
2020,NC,Indigenous,380,327,0.861
2020,NC,White,45126,42249,0.936
2020,ND,Asian,58,54,0.931
2020,ND,Black,40,33,0.825
2020,ND,Indigenous,47,40,0.851
2020,ND,White,2874,2724,0.948
2020,NE,Asian,380,348,0.916
2020,NE,Black,179,158,0.883
2020,NE,Hawaiian,13,13,1.0
2020,NE,Indigenous,44,34,0.773
2020,NE,White,8374,7996,0.955
2020,NH,Asian,252,223,0.885
2020,NH,Black,83,77,0.928
2020,NH,Hawaiian,5,5,1.0
2020,NH,Indigenous,27,22,0.815
2020,NH,White,6934,6508,0.939
2020,NJ,Asian,5820,5214,0.896
2020,NJ,Black,2775,2387,0.86
2020,NJ,Hawaiian,72,59,0.819
2020,NJ,Indigenous,125,106,0.848
2020,NJ,White,30743,28624,0.931
2020,NM,Asian,294,277,0.942
2020,NM,Black,100,89,0.89
2020,NM,Hawaiian,13,12,0.923
2020,NM,Indigenous,136,122,0.897
2020,NM,White,6222,5756,0.925
2020,NV,Asian,2201,1907,0.866
2020,NV,Black,942,828,0.879
2020,NV,Hawaiian,135,119,0.881
2020,NV,Indigenous,146,127,0.87
2020,NV,White,13409,12349,0.921
2020,NY,Asian,8065,6997,0.868
2020,NY,Black,3587,3012,0.84
2020,NY,Hawaiian,107,79,0.738
2020,NY,Indigenous,192,149,0.776
2020,NY,White,42089,38640,0.918
2020,OH,Asian,2399,2220,0.925
2020,OH,Black,3058,2702,0.884
2020,OH,Hawaiian,67,62,0.925
2020,OH,Indigenous,147,123,0.837
2020,OH,White,44257,42012,0.949
2020,OK,Asian,682,644,0.944
2020,OK,Black,425,362,0.852
2020,OK,Hawaiian,26,24,0.923
2020,OK,Indigenous,860,782,0.909
2020,OK,White,10485,9803,0.935
2020,OR,Asian,1683,1552,0.922
2020,OR,Black,412,370,0.898
2020,OR,Hawaiian,76,76,1.0
2020,OR,Indigenous,237,220,0.928
2020,OR,White,20411,19423,0.952
2020,PA,Asian,3667,3331,0.908
2020,PA,Black,2472,2109,0.853
2020,PA,Hawaiian,55,48,0.873
2020,PA,Indigenous,132,105,0.795
2020,PA,White,40106,37650,0.939
2020,PR,Asian,6,4,0.667
2020,PR,Black,75,56,0.747
2020,PR,Hawaiian,1,1,1.0
2020,PR,Indigenous,7,6,0.857
2020,PR,White,1491,1228,0.824
2020,RI,Asian,176,160,0.909
2020,RI,Black,175,161,0.92
2020,RI,Hawaiian,14,13,0.929
2020,RI,Indigenous,12,11,0.917
2020,RI,White,4264,4055,0.951
2020,SC,Asian,843,752,0.892
2020,SC,Black,2361,1906,0.807
2020,SC,Hawaiian,24,21,0.875
2020,SC,Indigenous,125,103,0.824
2020,SC,White,24045,22341,0.929
2020,SD,Asian,54,50,0.926
2020,SD,Black,47,45,0.957
2020,SD,Hawaiian,3,3,1.0
2020,SD,Indigenous,47,42,0.894
2020,SD,White,3328,3196,0.96
2020,TN,Asian,1218,1099,0.902
2020,TN,Black,2218,1928,0.869
2020,TN,Hawaiian,43,39,0.907
2020,TN,Indigenous,151,134,0.887
2020,TN,White,29317,27285,0.931
2020,TX,Asian,14390,12938,0.899
2020,TX,Black,8480,7134,0.841
2020,TX,Hawaiian,207,191,0.923
2020,TX,Indigenous,1148,1008,0.878
2020,TX,White,98860,91768,0.928
2020,UT,Asian,908,851,0.937
2020,UT,Black,222,198,0.892
2020,UT,Hawaiian,168,149,0.887
2020,UT,Indigenous,109,104,0.954
2020,UT,White,22974,21750,0.947
2020,VA,Asian,5036,4620,0.917
2020,VA,Black,3522,3092,0.878
2020,VA,Hawaiian,102,98,0.961
2020,VA,Indigenous,195,179,0.918
2020,VA,White,28549,27051,0.948
2020,VI,White,1,1,1.0
2020,VT,Asian,49,45,0.918
2020,VT,Black,18,16,0.889
2020,VT,Indigenous,12,10,0.833
2020,VT,White,2092,1902,0.909
2020,WA,Asian,6964,6425,0.923
2020,WA,Black,1227,1109,0.904
2020,WA,Hawaiian,181,165,0.912
2020,WA,Indigenous,430,395,0.919
2020,WA,White,33258,31440,0.945
2020,WI,Asian,1110,1012,0.912
2020,WI,Black,923,795,0.861
2020,WI,Hawaiian,24,23,0.958
2020,WI,Indigenous,147,117,0.796
2020,WI,White,27296,25560,0.936
2020,WV,Asian,65,59,0.908
2020,WV,Black,95,74,0.779
2020,WV,Hawaiian,6,6,1.0
2020,WV,Indigenous,15,15,1.0
2020,WV,White,3686,3362,0.912
2020,WY,Asian,27,25,0.926
2020,WY,Black,12,10,0.833
2020,WY,Hawaiian,2,1,0.5
2020,WY,Indigenous,12,9,0.75
2020,WY,White,2082,1959,0.941
2021,AK,Asian,230,210,0.913
2021,AK,Black,68,63,0.926
2021,AK,Hawaiian,18,17,0.944
2021,AK,Indigenous,246,223,0.907
2021,AK,White,2368,2286,0.965
2021,AL,Asian,829,763,0.92
2021,AL,Black,2871,2464,0.858
2021,AL,Hawaiian,23,22,0.957
2021,AL,Indigenous,136,123,0.904
2021,AL,White,17188,16223,0.944
2021,AR,Asian,488,463,0.949
2021,AR,Black,690,565,0.819
2021,AR,Hawaiian,14,12,0.857
2021,AR,Indigenous,119,105,0.882
2021,AR,White,9369,8785,0.938
2021,AZ,Asian,3044,2804,0.921
2021,AZ,Black,1591,1426,0.896
2021,AZ,Hawaiian,128,119,0.93
2021,AZ,Indigenous,484,434,0.897
2021,AZ,White,38784,36467,0.94
2021,CA,Asian,50435,47112,0.934
2021,CA,Black,6686,5968,0.893
2021,CA,Hawaiian,713,665,0.933
2021,CA,Indigenous,1558,1438,0.923
2021,CA,White,114148,107036,0.938
2021,CO,Asian,3033,2808,0.926
2021,CO,Black,1207,1108,0.918
2021,CO,Hawaiian,97,91,0.938
2021,CO,Indigenous,475,452,0.952
2021,CO,White,39414,37698,0.956
2021,CT,Asian,1330,1237,0.93
2021,CT,Black,1654,1487,0.899
2021,CT,Hawaiian,35,27,0.771
2021,CT,Indigenous,119,111,0.933
2021,CT,White,14843,14021,0.945
2021,DC,Asian,368,346,0.94
2021,DC,Black,753,674,0.895
2021,DC,Hawaiian,4,4,1.0
2021,DC,Indigenous,19,16,0.842
2021,DC,White,2456,2389,0.973
2021,DE,Asian,403,377,0.935
2021,DE,Black,837,736,0.879
2021,DE,Hawaiian,11,7,0.636
2021,DE,Indigenous,27,25,0.926
2021,DE,White,3792,3597,0.949
2021,FL,Asian,6932,6130,0.884
2021,FL,Black,11896,9915,0.833
2021,FL,Hawaiian,307,272,0.886
2021,FL,Indigenous,845,714,0.845
2021,FL,White,124445,113164,0.909
2021,GA,Asian,6152,5648,0.918
2021,GA,Black,10544,9035,0.857
2021,GA,Hawaiian,70,58,0.829
2021,GA,Indigenous,297,251,0.845
2021,GA,White,36591,34448,0.941
2021,HI,Asian,3004,2835,0.944
2021,HI,Black,60,53,0.883
2021,HI,Hawaiian,372,339,0.911
2021,HI,Indigenous,65,61,0.938
2021,HI,White,2037,1881,0.923
2021,IA,Asian,701,647,0.923
2021,IA,Black,456,411,0.901
2021,IA,Hawaiian,8,7,0.875
2021,IA,Indigenous,84,72,0.857
2021,IA,White,15750,14923,0.947
2021,ID,Asian,305,289,0.948
2021,ID,Black,83,78,0.94
2021,ID,Hawaiian,32,29,0.906
2021,ID,Indigenous,115,107,0.93
2021,ID,White,12032,11525,0.958
2021,IL,Asian,7145,6592,0.923
2021,IL,Black,5291,4315,0.816
2021,IL,Hawaiian,72,63,0.875
2021,IL,Indigenous,388,319,0.822
2021,IL,White,54344,51089,0.94
2021,IN,Asian,2417,2173,0.899
2021,IN,Black,2041,1739,0.852
2021,IN,Hawaiian,40,37,0.925
2021,IN,Indigenous,174,151,0.868
2021,IN,White,30273,28634,0.946
2021,KS,Asian,698,654,0.937
2021,KS,Black,341,306,0.897
2021,KS,Hawaiian,11,11,1.0
2021,KS,Indigenous,125,115,0.92
2021,KS,White,10649,10126,0.951
2021,KY,Asian,740,687,0.928
2021,KY,Black,875,780,0.891
2021,KY,Hawaiian,15,12,0.8
2021,KY,Indigenous,65,58,0.892
2021,KY,White,15534,14506,0.934
2021,LA,Asian,673,598,0.889
2021,LA,Black,2073,1643,0.793
2021,LA,Hawaiian,20,17,0.85
2021,LA,Indigenous,96,75,0.781
2021,LA,White,11588,10961,0.946
2021,MA,Asian,4681,4361,0.932
2021,MA,Black,2294,2051,0.894
2021,MA,Hawaiian,40,34,0.85
2021,MA,Indigenous,147,133,0.905
2021,MA,White,25602,24343,0.951
2021,MD,Asian,4117,3829,0.93
2021,MD,Black,7272,6534,0.899
2021,MD,Hawaiian,73,70,0.959
2021,MD,Indigenous,184,160,0.87
2021,MD,White,19542,18730,0.958
2021,ME,Asian,130,119,0.915
2021,ME,Black,115,104,0.904
2021,ME,Hawaiian,5,5,1.0
2021,ME,Indigenous,30,23,0.767
2021,ME,White,5716,5272,0.922
2021,MI,Asian,2870,2681,0.934
2021,MI,Black,3201,2722,0.85
2021,MI,Hawaiian,47,39,0.83
2021,MI,Indigenous,275,250,0.909
2021,MI,White,42095,39752,0.944
2021,MN,Asian,2988,2865,0.959
2021,MN,Black,1956,1794,0.917
2021,MN,Hawaiian,36,30,0.833
2021,MN,Indigenous,266,249,0.936
2021,MN,White,30200,29147,0.965
2021,MO,Asian,1092,1024,0.938
2021,MO,Black,1552,1351,0.87
2021,MO,Hawaiian,39,36,0.923
2021,MO,Indigenous,209,191,0.914
2021,MO,White,25448,24269,0.954
2021,MS,Asian,264,222,0.841
2021,MS,Black,1469,1200,0.817
2021,MS,Hawaiian,6,6,1.0
2021,MS,Indigenous,36,28,0.778
2021,MS,White,6057,5620,0.928
2021,MT,Asian,101,92,0.911
2021,MT,Black,21,20,0.952
2021,MT,Hawaiian,5,5,1.0
2021,MT,Indigenous,93,78,0.839
2021,MT,White,5469,5123,0.937
2021,NC,Asian,4418,4082,0.924
2021,NC,Black,7481,6448,0.862
2021,NC,Hawaiian,84,77,0.917
2021,NC,Indigenous,498,414,0.831
2021,NC,White,45996,43305,0.941
2021,ND,Asian,90,83,0.922
2021,ND,Black,56,48,0.857
2021,ND,Hawaiian,6,5,0.833
2021,ND,Indigenous,45,36,0.8
2021,ND,White,3417,3273,0.958
2021,NE,Asian,447,422,0.944
2021,NE,Black,242,223,0.921
2021,NE,Hawaiian,14,14,1.0
2021,NE,Indigenous,59,58,0.983
2021,NE,White,8576,8255,0.963
2021,NH,Asian,323,304,0.941
2021,NH,Black,86,73,0.849
2021,NH,Hawaiian,8,7,0.875
2021,NH,Indigenous,31,26,0.839
2021,NH,White,6745,6359,0.943
2021,NJ,Asian,8043,7381,0.918
2021,NJ,Black,3694,3201,0.867
2021,NJ,Hawaiian,88,74,0.841
2021,NJ,Indigenous,203,183,0.901
2021,NJ,White,33915,31822,0.938
2021,NM,Asian,341,310,0.909
2021,NM,Black,154,132,0.857
2021,NM,Hawaiian,14,11,0.786
2021,NM,Indigenous,213,187,0.878
2021,NM,White,6713,6191,0.922
2021,NV,Asian,3175,2844,0.896
2021,NV,Black,1295,1109,0.856
2021,NV,Hawaiian,177,155,0.876
2021,NV,Indigenous,186,161,0.866
2021,NV,White,15020,13999,0.932
2021,NY,Asian,13069,11903,0.911
2021,NY,Black,5073,4419,0.871
2021,NY,Hawaiian,159,140,0.881
2021,NY,Indigenous,340,285,0.838
2021,NY,White,50313,46696,0.928
2021,OH,Asian,3330,3107,0.933
2021,OH,Black,3588,3216,0.896
2021,OH,Hawaiian,74,68,0.919
2021,OH,Indigenous,213,181,0.85
2021,OH,White,46446,44201,0.952
2021,OK,Asian,907,821,0.905
2021,OK,Black,495,438,0.885
2021,OK,Hawaiian,27,25,0.926
2021,OK,Indigenous,981,900,0.917
2021,OK,White,11572,10813,0.934
2021,OR,Asian,2293,2155,0.94
2021,OR,Black,542,500,0.923
2021,OR,Hawaiian,100,94,0.94
2021,OR,Indigenous,348,322,0.925
2021,OR,White,22198,21239,0.957
2021,PA,Asian,5061,4629,0.915
2021,PA,Black,3468,3002,0.866
2021,PA,Hawaiian,88,73,0.83
2021,PA,Indigenous,232,196,0.845
2021,PA,White,45020,42412,0.942
2021,PR,Asian,12,9,0.75
2021,PR,Black,128,103,0.805
2021,PR,Hawaiian,2,1,0.5
2021,PR,Indigenous,12,12,1.0
2021,PR,White,2474,2094,0.846
2021,RI,Asian,249,228,0.916
2021,RI,Black,278,245,0.881
2021,RI,Hawaiian,9,7,0.778
2021,RI,Indigenous,31,29,0.935
2021,RI,White,4234,4049,0.956
2021,SC,Asian,1185,1050,0.886
2021,SC,Black,2814,2305,0.819
2021,SC,Hawaiian,43,35,0.814
2021,SC,Indigenous,168,141,0.839
2021,SC,White,26367,24642,0.935
2021,SD,Asian,57,56,0.982
2021,SD,Black,61,55,0.902
2021,SD,Hawaiian,2,2,1.0
2021,SD,Indigenous,36,31,0.861
2021,SD,White,3754,3597,0.958
2021,TN,Asian,1587,1463,0.922
2021,TN,Black,2575,2271,0.882
2021,TN,Hawaiian,39,34,0.872
2021,TN,Indigenous,183,161,0.88
2021,TN,White,31034,29083,0.937
2021,TX,Asian,19754,17881,0.905
2021,TX,Black,10465,8919,0.852
2021,TX,Hawaiian,261,236,0.904
2021,TX,Indigenous,1526,1363,0.893
2021,TX,White,103295,96378,0.933
2021,UT,Asian,1158,1106,0.955
2021,UT,Black,226,209,0.925
2021,UT,Hawaiian,176,165,0.938
2021,UT,Indigenous,172,162,0.942
2021,UT,White,22345,21227,0.95
2021,VA,Asian,6528,6096,0.934
2021,VA,Black,4462,4012,0.899
2021,VA,Hawaiian,115,110,0.957
2021,VA,Indigenous,252,217,0.861
2021,VA,White,31263,29713,0.95
2021,VI,White,3,3,1.0
2021,VT,Asian,68,61,0.897
2021,VT,Black,26,18,0.692
2021,VT,Hawaiian,1,1,1.0
2021,VT,Indigenous,18,12,0.667
2021,VT,White,2231,2034,0.912
2021,WA,Asian,9795,9231,0.942
2021,WA,Black,1532,1425,0.93
2021,WA,Hawaiian,236,224,0.949
2021,WA,Indigenous,532,489,0.919
2021,WA,White,36086,34423,0.954
2021,WI,Asian,1401,1287,0.919
2021,WI,Black,1040,912,0.877
2021,WI,Hawaiian,22,20,0.909
2021,WI,Indigenous,207,184,0.889
2021,WI,White,28517,26874,0.942
2021,WV,Asian,117,105,0.897
2021,WV,Black,114,96,0.842
2021,WV,Hawaiian,6,5,0.833
2021,WV,Indigenous,28,18,0.643
2021,WV,White,4389,4026,0.917
2021,WY,Asian,36,34,0.944
2021,WY,Black,11,8,0.727
2021,WY,Hawaiian,2,2,1.0
2021,WY,Indigenous,12,11,0.917
2021,WY,White,2303,2186,0.949
2022,AK,Asian,204,182,0.892
2022,AK,Black,60,54,0.9
2022,AK,Hawaiian,25,22,0.88
2022,AK,Indigenous,258,238,0.922
2022,AK,White,2131,2016,0.946
2022,AL,Asian,819,738,0.901
2022,AL,Black,2836,2477,0.873
2022,AL,Hawaiian,17,13,0.765
2022,AL,Indigenous,157,137,0.873
2022,AL,White,15247,14369,0.942
2022,AR,Asian,549,503,0.916
2022,AR,Black,626,515,0.823
2022,AR,Hawaiian,13,12,0.923
2022,AR,Indigenous,136,123,0.904
2022,AR,White,8806,8213,0.933
2022,AZ,Asian,3288,2967,0.902
2022,AZ,Black,1708,1484,0.869
2022,AZ,Hawaiian,106,90,0.849
2022,AZ,Indigenous,428,366,0.855
2022,AZ,White,33260,31016,0.933
2022,CA,Asian,41352,37996,0.919
2022,CA,Black,5527,4873,0.882
2022,CA,Hawaiian,531,486,0.915
2022,CA,Indigenous,1308,1190,0.91
2022,CA,White,85735,79708,0.93
2022,CO,Asian,3082,2870,0.931
2022,CO,Black,1173,1045,0.891
2022,CO,Hawaiian,83,77,0.928
2022,CO,Indigenous,376,347,0.923
2022,CO,White,34058,32426,0.952
2022,CT,Asian,1211,1120,0.925
2022,CT,Black,1450,1279,0.882
2022,CT,Hawaiian,25,25,1.0
2022,CT,Indigenous,114,97,0.851
2022,CT,White,12556,11758,0.936
2022,DC,Asian,332,303,0.913
2022,DC,Black,678,600,0.885
2022,DC,Hawaiian,2,1,0.5
2022,DC,Indigenous,16,14,0.875
2022,DC,White,2003,1943,0.97
2022,DE,Asian,435,382,0.878
2022,DE,Black,947,831,0.878
2022,DE,Hawaiian,5,5,1.0
2022,DE,Indigenous,28,26,0.929
2022,DE,White,3808,3588,0.942
2022,FL,Asian,7167,6141,0.857
2022,FL,Black,11087,9114,0.822
2022,FL,Hawaiian,249,211,0.847
2022,FL,Indigenous,733,609,0.831
2022,FL,White,104256,93839,0.9
2022,GA,Asian,6504,5934,0.912
2022,GA,Black,10116,8577,0.848
2022,GA,Hawaiian,63,53,0.841
2022,GA,Indigenous,266,234,0.88
2022,GA,White,30955,29092,0.94
2022,GU,Asian,9,8,0.889
2022,GU,Hawaiian,2,2,1.0
2022,GU,Indigenous,1,1,1.0
2022,GU,White,5,5,1.0
2022,HI,Asian,2262,2111,0.933
2022,HI,Black,55,45,0.818
2022,HI,Hawaiian,270,241,0.893
2022,HI,Indigenous,53,50,0.943
2022,HI,White,1626,1495,0.919
2022,IA,Asian,644,600,0.932
2022,IA,Black,490,449,0.916
2022,IA,Hawaiian,11,11,1.0
2022,IA,Indigenous,91,83,0.912
2022,IA,White,13806,13203,0.956
2022,ID,Asian,265,250,0.943
2022,ID,Black,93,84,0.903
2022,ID,Hawaiian,32,31,0.969
2022,ID,Indigenous,113,103,0.912
2022,ID,White,10615,10084,0.95
2022,IL,Asian,6337,5808,0.917
2022,IL,Black,4576,3772,0.824
2022,IL,Hawaiian,63,53,0.841
2022,IL,Indigenous,357,309,0.866
2022,IL,White,45483,42746,0.94
2022,IN,Asian,2731,2500,0.915
2022,IN,Black,2167,1860,0.858
2022,IN,Hawaiian,31,26,0.839
2022,IN,Indigenous,188,165,0.878
2022,IN,White,28813,27301,0.948
2022,KS,Asian,606,566,0.934
2022,KS,Black,356,322,0.904
2022,KS,Hawaiian,14,14,1.0
2022,KS,Indigenous,123,109,0.886
2022,KS,White,9540,9046,0.948
2022,KY,Asian,723,667,0.923
2022,KY,Black,819,717,0.875
2022,KY,Hawaiian,21,18,0.857
2022,KY,Indigenous,80,69,0.862
2022,KY,White,14114,13247,0.939
2022,LA,Asian,634,574,0.905
2022,LA,Black,2084,1693,0.812
2022,LA,Hawaiian,12,10,0.833
2022,LA,Indigenous,103,86,0.835
2022,LA,White,10186,9626,0.945
2022,MA,Asian,4210,3915,0.93
2022,MA,Black,2179,1923,0.883
2022,MA,Hawaiian,39,32,0.821
2022,MA,Indigenous,136,124,0.912
2022,MA,White,22317,21132,0.947
2022,MD,Asian,3792,3463,0.913
2022,MD,Black,6785,5964,0.879
2022,MD,Hawaiian,40,38,0.95
2022,MD,Indigenous,187,158,0.845
2022,MD,White,16659,15858,0.952
2022,ME,Asian,123,111,0.902
2022,ME,Black,133,117,0.88
2022,ME,Hawaiian,5,4,0.8
2022,ME,Indigenous,29,27,0.931
2022,ME,White,5095,4731,0.929
2022,MI,Asian,2888,2685,0.93
2022,MI,Black,2796,2370,0.848
2022,MI,Hawaiian,30,27,0.9
2022,MI,Indigenous,289,264,0.913
2022,MI,White,37317,35349,0.947
2022,MN,Asian,2673,2542,0.951
2022,MN,Black,1785,1625,0.91
2022,MN,Hawaiian,31,30,0.968
2022,MN,Indigenous,262,243,0.927
2022,MN,White,26433,25522,0.966
2022,MO,Asian,1087,1013,0.932
2022,MO,Black,1414,1240,0.877
2022,MO,Hawaiian,26,22,0.846
2022,MO,Indigenous,188,161,0.856
2022,MO,White,22808,21683,0.951
2022,MS,Asian,269,236,0.877
2022,MS,Black,1524,1247,0.818
2022,MS,Hawaiian,9,8,0.889
2022,MS,Indigenous,32,25,0.781
2022,MS,White,5655,5281,0.934
2022,MT,Asian,64,61,0.953
2022,MT,Black,14,11,0.786
2022,MT,Hawaiian,8,8,1.0
2022,MT,Indigenous,66,55,0.833
2022,MT,White,4486,4136,0.922
2022,NC,Asian,5657,5098,0.901
2022,NC,Black,7213,6292,0.872
2022,NC,Hawaiian,85,77,0.906
2022,NC,Indigenous,443,370,0.835
2022,NC,White,41998,39727,0.946
2022,ND,Asian,74,69,0.932
2022,ND,Black,62,55,0.887
2022,ND,Hawaiian,6,4,0.667
2022,ND,Indigenous,47,41,0.872
2022,ND,White,2985,2855,0.956
2022,NE,Asian,486,459,0.944
2022,NE,Black,249,232,0.932
2022,NE,Hawaiian,7,7,1.0
2022,NE,Indigenous,63,59,0.937
2022,NE,White,7842,7541,0.962
2022,NH,Asian,353,331,0.938
2022,NH,Black,100,86,0.86
2022,NH,Hawaiian,8,8,1.0
2022,NH,Indigenous,38,34,0.895
2022,NH,White,6001,5619,0.936
2022,NJ,Asian,7195,6449,0.896
2022,NJ,Black,3277,2790,0.851
2022,NJ,Hawaiian,62,50,0.806
2022,NJ,Indigenous,198,178,0.899
2022,NJ,White,28411,26504,0.933
2022,NM,Asian,286,263,0.92
2022,NM,Black,151,131,0.868
2022,NM,Hawaiian,14,13,0.929
2022,NM,Indigenous,178,160,0.899
2022,NM,White,5812,5344,0.919
2022,NV,Asian,3132,2798,0.893
2022,NV,Black,1116,921,0.825
2022,NV,Hawaiian,142,127,0.894
2022,NV,Indigenous,183,156,0.852
2022,NV,White,11712,10875,0.929
2022,NY,Asian,11828,10575,0.894
2022,NY,Black,4502,3836,0.852
2022,NY,Hawaiian,131,105,0.802
2022,NY,Indigenous,303,253,0.835
2022,NY,White,43811,40417,0.923
2022,OH,Asian,3315,2993,0.903
2022,OH,Black,3472,3052,0.879
2022,OH,Hawaiian,64,62,0.969
2022,OH,Indigenous,210,186,0.886
2022,OH,White,42029,40007,0.952
2022,OK,Asian,773,718,0.929
2022,OK,Black,514,430,0.837
2022,OK,Hawaiian,26,23,0.885
2022,OK,Indigenous,1121,1037,0.925
2022,OK,White,10703,10116,0.945
2022,OR,Asian,2144,2008,0.937
2022,OR,Black,515,469,0.911
2022,OR,Hawaiian,74,71,0.959
2022,OR,Indigenous,259,246,0.95
2022,OR,White,18868,17942,0.951
2022,PA,Asian,5272,4787,0.908
2022,PA,Black,3244,2816,0.868
2022,PA,Hawaiian,78,71,0.91
2022,PA,Indigenous,233,196,0.841
2022,PA,White,40410,38254,0.947
2022,PR,Asian,14,10,0.714
2022,PR,Black,162,126,0.778
2022,PR,Hawaiian,1,1,1.0
2022,PR,Indigenous,8,8,1.0
2022,PR,White,2498,2052,0.821
2022,RI,Asian,224,205,0.915
2022,RI,Black,241,214,0.888
2022,RI,Hawaiian,8,8,1.0
2022,RI,Indigenous,29,27,0.931
2022,RI,White,3736,3556,0.952
2022,SC,Asian,1253,1112,0.887
2022,SC,Black,2484,2088,0.841
2022,SC,Hawaiian,36,28,0.778
2022,SC,Indigenous,155,133,0.858
2022,SC,White,24140,22645,0.938
2022,SD,Asian,67,65,0.97
2022,SD,Black,58,55,0.948
2022,SD,Hawaiian,2,2,1.0
2022,SD,Indigenous,46,41,0.891
2022,SD,White,3420,3284,0.96
2022,TN,Asian,1719,1533,0.892
2022,TN,Black,2469,2163,0.876
2022,TN,Hawaiian,45,38,0.844
2022,TN,Indigenous,202,178,0.881
2022,TN,White,29147,27341,0.938
2022,TX,Asian,24844,22342,0.899
2022,TX,Black,11568,9857,0.852
2022,TX,Hawaiian,253,221,0.874
2022,TX,Indigenous,1434,1273,0.888
2022,TX,White,97166,90599,0.932
2022,UT,Asian,1098,1036,0.944
2022,UT,Black,256,232,0.906
2022,UT,Hawaiian,208,182,0.875
2022,UT,Indigenous,173,168,0.971
2022,UT,White,20007,18896,0.944
2022,VA,Asian,6137,5648,0.92
2022,VA,Black,3916,3460,0.884
2022,VA,Hawaiian,62,57,0.919
2022,VA,Indigenous,242,212,0.876
2022,VA,White,27279,25932,0.951
2022,VI,Black,1,1,1.0
2022,VI,White,3,3,1.0
2022,VT,Asian,53,47,0.887
2022,VT,Black,43,37,0.86
2022,VT,Hawaiian,2,1,0.5
2022,VT,Indigenous,16,14,0.875
2022,VT,White,2024,1846,0.912
2022,WA,Asian,8853,8221,0.929
2022,WA,Black,1482,1362,0.919
2022,WA,Hawaiian,177,163,0.921
2022,WA,Indigenous,490,449,0.916
2022,WA,White,30672,29076,0.948
2022,WI,Asian,1214,1137,0.937
2022,WI,Black,867,764,0.881
2022,WI,Hawaiian,23,21,0.913
2022,WI,Indigenous,210,191,0.91
2022,WI,White,25302,24014,0.949
2022,WV,Asian,110,100,0.909
2022,WV,Black,127,112,0.882
2022,WV,Hawaiian,4,4,1.0
2022,WV,Indigenous,27,26,0.963
2022,WV,White,4145,3784,0.913
2022,WY,Asian,21,19,0.905
2022,WY,Black,11,11,1.0
2022,WY,Hawaiian,1,1,1.0
2022,WY,Indigenous,25,23,0.92
2022,WY,White,1945,1849,0.951
2023,AK,Asian,164,154,0.939
2023,AK,Black,47,42,0.894
2023,AK,Hawaiian,12,12,1.0
2023,AK,Indigenous,183,170,0.929
2023,AK,White,1619,1541,0.952
2023,AL,Asian,702,640,0.912
2023,AL,Black,1771,1540,0.87
2023,AL,Hawaiian,19,16,0.842
2023,AL,Indigenous,97,89,0.918
2023,AL,White,11464,10807,0.943
2023,AR,Asian,545,502,0.921
2023,AR,Black,467,385,0.824
2023,AR,Hawaiian,12,10,0.833
2023,AR,Indigenous,85,73,0.859
2023,AR,White,7006,6605,0.943
2023,AZ,Asian,2757,2536,0.92
2023,AZ,Black,1228,1068,0.87
2023,AZ,Hawaiian,89,79,0.888
2023,AZ,Indigenous,367,332,0.905
2023,AZ,White,24814,23207,0.935
2023,CA,Asian,29939,27713,0.926
2023,CA,Black,3619,3149,0.87
2023,CA,Hawaiian,400,368,0.92
2023,CA,Indigenous,989,899,0.909
2023,CA,White,59605,55318,0.928
2023,CO,Asian,2350,2185,0.93
2023,CO,Black,893,809,0.906
2023,CO,Hawaiian,57,54,0.947
2023,CO,Indigenous,284,260,0.915
2023,CO,White,25292,24017,0.95
2023,CT,Asian,1038,964,0.929
2023,CT,Black,1286,1112,0.865
2023,CT,Hawaiian,23,21,0.913
2023,CT,Indigenous,82,73,0.89
2023,CT,White,10393,9754,0.939
2023,DC,Asian,222,204,0.919
2023,DC,Black,705,606,0.86
2023,DC,Hawaiian,4,4,1.0
2023,DC,Indigenous,18,15,0.833
2023,DC,White,1520,1464,0.963
2023,DE,Asian,433,386,0.891
2023,DE,Black,706,614,0.87
2023,DE,Hawaiian,13,12,0.923
2023,DE,Indigenous,26,21,0.808
2023,DE,White,2897,2765,0.954
2023,FL,Asian,6983,6100,0.874
2023,FL,Black,8913,7248,0.813
2023,FL,Hawaiian,206,168,0.816
2023,FL,Indigenous,625,514,0.822
2023,FL,White,86554,77173,0.892
2023,GA,Asian,5813,5312,0.914
2023,GA,Black,7324,6259,0.855
2023,GA,Hawaiian,66,55,0.833
2023,GA,Indigenous,241,202,0.838
2023,GA,White,24148,22666,0.939
2023,GU,Asian,1,1,1.0
2023,GU,Hawaiian,1,1,1.0
2023,HI,Asian,1576,1449,0.919
2023,HI,Black,38,32,0.842
2023,HI,Hawaiian,224,199,0.888
2023,HI,Indigenous,43,35,0.814
2023,HI,White,1016,940,0.925
2023,IA,Asian,517,486,0.94
2023,IA,Black,411,373,0.908
2023,IA,Hawaiian,18,13,0.722
2023,IA,Indigenous,81,71,0.877
2023,IA,White,11298,10820,0.958
2023,ID,Asian,266,254,0.955
2023,ID,Black,58,50,0.862
2023,ID,Hawaiian,32,28,0.875
2023,ID,Indigenous,83,80,0.964
2023,ID,White,8182,7790,0.952
2023,IL,Asian,5415,4986,0.921
2023,IL,Black,3688,3074,0.834
2023,IL,Hawaiian,51,45,0.882
2023,IL,Indigenous,333,294,0.883
2023,IL,White,36969,34627,0.937
2023,IN,Asian,1962,1770,0.902
2023,IN,Black,1768,1514,0.856
2023,IN,Hawaiian,28,22,0.786
2023,IN,Indigenous,172,147,0.855
2023,IN,White,24356,23075,0.947
2023,KS,Asian,527,488,0.926
2023,KS,Black,311,274,0.881
2023,KS,Hawaiian,10,7,0.7
2023,KS,Indigenous,98,89,0.908
2023,KS,White,8053,7636,0.948
2023,KY,Asian,610,553,0.907
2023,KY,Black,634,565,0.891
2023,KY,Hawaiian,17,15,0.882
2023,KY,Indigenous,56,47,0.839
2023,KY,White,11094,10402,0.938
2023,LA,Asian,497,455,0.915
2023,LA,Black,1450,1183,0.816
2023,LA,Hawaiian,10,9,0.9
2023,LA,Indigenous,81,70,0.864
2023,LA,White,7016,6568,0.936
2023,MA,Asian,3491,3219,0.922
2023,MA,Black,1827,1588,0.869
2023,MA,Hawaiian,35,31,0.886
2023,MA,Indigenous,120,107,0.892
2023,MA,White,17307,16362,0.945
2023,MD,Asian,3128,2872,0.918
2023,MD,Black,5157,4552,0.883
2023,MD,Hawaiian,23,22,0.957
2023,MD,Indigenous,149,130,0.872
2023,MD,White,12754,12128,0.951
2023,ME,Asian,100,86,0.86
2023,ME,Black,150,125,0.833
2023,ME,Hawaiian,8,8,1.0
2023,ME,Indigenous,18,12,0.667
2023,ME,White,4220,3872,0.918
2023,MI,Asian,2646,2451,0.926
2023,MI,Black,2633,2243,0.852
2023,MI,Hawaiian,44,42,0.955
2023,MI,Indigenous,232,211,0.909
2023,MI,White,31483,29726,0.944
2023,MN,Asian,2347,2246,0.957
2023,MN,Black,1390,1258,0.905
2023,MN,Hawaiian,29,28,0.966
2023,MN,Indigenous,251,237,0.944
2023,MN,White,21283,20559,0.966
2023,MO,Asian,1081,999,0.924
2023,MO,Black,1314,1140,0.868
2023,MO,Hawaiian,24,22,0.917
2023,MO,Indigenous,189,167,0.884
2023,MO,White,18802,17894,0.952
2023,MS,Asian,219,199,0.909
2023,MS,Black,959,751,0.783
2023,MS,Hawaiian,8,8,1.0
2023,MS,Indigenous,46,36,0.783
2023,MS,White,4062,3798,0.935
2023,MT,Asian,54,49,0.907
2023,MT,Black,11,11,1.0
2023,MT,Hawaiian,7,7,1.0
2023,MT,Indigenous,52,44,0.846
2023,MT,White,3402,3181,0.935
2023,NC,Asian,5242,4791,0.914
2023,NC,Black,5616,4830,0.86
2023,NC,Hawaiian,74,66,0.892
2023,NC,Indigenous,394,323,0.82
2023,NC,White,34967,32896,0.941
2023,ND,Asian,53,51,0.962
2023,ND,Black,64,56,0.875
2023,ND,Hawaiian,1,1,1.0
2023,ND,Indigenous,39,33,0.846
2023,ND,White,2173,2087,0.96
2023,NE,Asian,418,391,0.935
2023,NE,Black,210,198,0.943
2023,NE,Hawaiian,9,8,0.889
2023,NE,Indigenous,60,54,0.9
2023,NE,White,6439,6159,0.957
2023,NH,Asian,274,248,0.905
2023,NH,Black,85,77,0.906
2023,NH,Hawaiian,7,7,1.0
2023,NH,Indigenous,19,17,0.895
2023,NH,White,4890,4577,0.936
2023,NJ,Asian,6203,5598,0.902
2023,NJ,Black,2548,2237,0.878
2023,NJ,Hawaiian,50,41,0.82
2023,NJ,Indigenous,161,143,0.888
2023,NJ,White,21663,20208,0.933
2023,NM,Asian,252,234,0.929
2023,NM,Black,115,100,0.87
2023,NM,Hawaiian,11,10,0.909
2023,NM,Indigenous,123,108,0.878
2023,NM,White,4445,4091,0.92
2023,NV,Asian,2237,2026,0.906
2023,NV,Black,734,634,0.864
2023,NV,Hawaiian,102,95,0.931
2023,NV,Indigenous,135,126,0.933
2023,NV,White,8944,8293,0.927
2023,NY,Asian,8480,7574,0.893
2023,NY,Black,3760,3189,0.848
2023,NY,Hawaiian,71,59,0.831
2023,NY,Indigenous,279,227,0.814
2023,NY,White,33765,31260,0.926
2023,OH,Asian,2774,2509,0.904
2023,OH,Black,3080,2743,0.891
2023,OH,Hawaiian,55,50,0.909
2023,OH,Indigenous,184,162,0.88
2023,OH,White,35106,33376,0.951
2023,OK,Asian,631,596,0.945
2023,OK,Black,444,378,0.851
2023,OK,Hawaiian,25,20,0.8
2023,OK,Indigenous,852,789,0.926
2023,OK,White,8375,7925,0.946
2023,OR,Asian,1497,1407,0.94
2023,OR,Black,455,416,0.914
2023,OR,Hawaiian,40,38,0.95
2023,OR,Indigenous,189,176,0.931
2023,OR,White,12884,12219,0.948
2023,PA,Asian,4236,3857,0.911
2023,PA,Black,2784,2424,0.871
2023,PA,Hawaiian,64,59,0.922
2023,PA,Indigenous,201,179,0.891
2023,PA,White,32522,30803,0.947
2023,PR,Asian,12,5,0.417
2023,PR,Black,135,107,0.793
2023,PR,Hawaiian,3,2,0.667
2023,PR,Indigenous,6,6,1.0
2023,PR,White,2327,1897,0.815
2023,RI,Asian,149,140,0.94
2023,RI,Black,198,179,0.904
2023,RI,Hawaiian,5,5,1.0
2023,RI,Indigenous,15,12,0.8
2023,RI,White,2735,2592,0.948
2023,SC,Asian,1132,1020,0.901
2023,SC,Black,1853,1555,0.839
2023,SC,Hawaiian,30,27,0.9
2023,SC,Indigenous,165,145,0.879
2023,SC,White,20203,18953,0.938
2023,SD,Asian,65,65,1.0
2023,SD,Black,35,35,1.0
2023,SD,Hawaiian,5,5,1.0
2023,SD,Indigenous,42,38,0.905
2023,SD,White,2654,2549,0.96
2023,TN,Asian,1507,1399,0.928
2023,TN,Black,1773,1576,0.889
2023,TN,Hawaiian,38,33,0.868
2023,TN,Indigenous,159,145,0.912
2023,TN,White,22598,21264,0.941
2023,TX,Asian,22455,20504,0.913
2023,TX,Black,8745,7460,0.853
2023,TX,Hawaiian,193,156,0.808
2023,TX,Indigenous,1298,1132,0.872
2023,TX,White,75291,70043,0.93
2023,UT,Asian,809,745,0.921
2023,UT,Black,161,146,0.907
2023,UT,Hawaiian,111,102,0.919
2023,UT,Indigenous,114,103,0.904
2023,UT,White,14002,13236,0.945
2023,VA,Asian,5032,4610,0.916
2023,VA,Black,2932,2632,0.898
2023,VA,Hawaiian,46,42,0.913
2023,VA,Indigenous,187,165,0.882
2023,VA,White,20532,19510,0.95
2023,VI,Black,2,2,1.0
2023,VI,White,7,6,0.857
2023,VT,Asian,50,46,0.92
2023,VT,Black,27,22,0.815
2023,VT,Hawaiian,1,1,1.0
2023,VT,Indigenous,9,7,0.778
2023,VT,White,1629,1479,0.908
2023,WA,Asian,6692,6208,0.928
2023,WA,Black,1183,1074,0.908
2023,WA,Hawaiian,125,119,0.952
2023,WA,Indigenous,363,335,0.923
2023,WA,White,22005,20798,0.945
2023,WI,Asian,1018,938,0.921
2023,WI,Black,840,716,0.852
2023,WI,Hawaiian,21,21,1.0
2023,WI,Indigenous,166,155,0.934
2023,WI,White,20763,19735,0.95
2023,WV,Asian,103,94,0.913
2023,WV,Black,107,92,0.86
2023,WV,Hawaiian,2,2,1.0
2023,WV,Indigenous,22,21,0.955
2023,WV,White,3379,3097,0.917
2023,WY,Asian,18,17,0.944
2023,WY,Black,9,8,0.889
2023,WY,Hawaiian,1,1,1.0
2023,WY,Indigenous,7,7,1.0
2023,WY,White,1336,1244,0.931
2024,AK,Asian,183,167,0.913
2024,AK,Black,39,37,0.949
2024,AK,Hawaiian,18,16,0.889
2024,AK,Indigenous,181,166,0.917
2024,AK,White,1643,1576,0.959
2024,AL,Asian,632,575,0.91
2024,AL,Black,1632,1393,0.854
2024,AL,Hawaiian,18,14,0.778
2024,AL,Indigenous,113,95,0.841
2024,AL,White,10820,10218,0.944
2024,AR,Asian,574,528,0.92
2024,AR,Black,406,322,0.793
2024,AR,Hawaiian,13,10,0.769
2024,AR,Indigenous,110,100,0.909
2024,AR,White,6726,6299,0.937
2024,AZ,Asian,2764,2567,0.929
2024,AZ,Black,886,790,0.892
2024,AZ,Hawaiian,64,60,0.938
2024,AZ,Indigenous,358,332,0.927
2024,AZ,White,24071,22630,0.94
2024,CA,Asian,33865,31541,0.931
2024,CA,Black,3551,3142,0.885
2024,CA,Hawaiian,436,396,0.908
2024,CA,Indigenous,1168,1059,0.907
2024,CA,White,62188,57632,0.927
2024,CO,Asian,2303,2145,0.931
2024,CO,Black,860,780,0.907
2024,CO,Hawaiian,48,41,0.854
2024,CO,Indigenous,354,315,0.89
2024,CO,White,25409,24131,0.95
2024,CT,Asian,1165,1066,0.915
2024,CT,Black,1374,1204,0.876
2024,CT,Hawaiian,27,25,0.926
2024,CT,Indigenous,111,94,0.847
2024,CT,White,10942,10233,0.935
2024,DC,Asian,254,243,0.957
2024,DC,Black,592,504,0.851
2024,DC,Hawaiian,3,3,1.0
2024,DC,Indigenous,17,15,0.882
2024,DC,White,1417,1357,0.958
2024,DE,Asian,497,450,0.905
2024,DE,Black,691,615,0.89
2024,DE,Hawaiian,4,3,0.75
2024,DE,Indigenous,32,29,0.906
2024,DE,White,3016,2870,0.952
2024,FL,Asian,6403,5687,0.888
2024,FL,Black,8148,6711,0.824
2024,FL,Hawaiian,179,152,0.849
2024,FL,Indigenous,742,628,0.846
2024,FL,White,81471,72703,0.892
2024,GA,Asian,6198,5729,0.924
2024,GA,Black,6582,5692,0.865
2024,GA,Hawaiian,51,43,0.843
2024,GA,Indigenous,231,199,0.861
2024,GA,White,24147,22768,0.943
2024,GU,Asian,5,5,1.0
2024,GU,White,1,1,1.0
2024,HI,Asian,1896,1707,0.9
2024,HI,Black,32,28,0.875
2024,HI,Hawaiian,197,175,0.888
2024,HI,Indigenous,45,36,0.8
2024,HI,White,1097,983,0.896
2024,IA,Asian,510,478,0.937
2024,IA,Black,388,356,0.918
2024,IA,Hawaiian,20,16,0.8
2024,IA,Indigenous,72,59,0.819
2024,IA,White,11586,11061,0.955
2024,ID,Asian,305,293,0.961
2024,ID,Black,58,57,0.983
2024,ID,Hawaiian,24,24,1.0
2024,ID,Indigenous,94,84,0.894
2024,ID,White,8134,7743,0.952
2024,IL,Asian,6042,5569,0.922
2024,IL,Black,3871,3310,0.855
2024,IL,Hawaiian,50,42,0.84
2024,IL,Indigenous,360,307,0.853
2024,IL,White,38491,36148,0.939
2024,IN,Asian,2100,1833,0.873
2024,IN,Black,1834,1594,0.869
2024,IN,Hawaiian,41,36,0.878
2024,IN,Indigenous,196,160,0.816
2024,IN,White,24914,23666,0.95
2024,KS,Asian,546,508,0.93
2024,KS,Black,327,301,0.92
2024,KS,Hawaiian,10,9,0.9
2024,KS,Indigenous,132,116,0.879
2024,KS,White,8107,7679,0.947
2024,KY,Asian,717,662,0.923
2024,KY,Black,614,540,0.879
2024,KY,Hawaiian,13,11,0.846
2024,KY,Indigenous,72,66,0.917
2024,KY,White,12289,11553,0.94
2024,LA,Asian,470,432,0.919
2024,LA,Black,1165,950,0.815
2024,LA,Hawaiian,12,9,0.75
2024,LA,Indigenous,75,66,0.88
2024,LA,White,6411,6015,0.938
2024,MA,Asian,3973,3705,0.933
2024,MA,Black,2011,1780,0.885
2024,MA,Hawaiian,32,32,1.0
2024,MA,Indigenous,128,114,0.891
2024,MA,White,18796,17719,0.943
2024,MD,Asian,3248,3008,0.926
2024,MD,Black,5143,4565,0.888
2024,MD,Hawaiian,38,33,0.868
2024,MD,Indigenous,175,161,0.92
2024,MD,White,14073,13384,0.951
2024,ME,Asian,138,123,0.891
2024,ME,Black,130,110,0.846
2024,ME,Hawaiian,6,6,1.0
2024,ME,Indigenous,30,25,0.833
2024,ME,White,4687,4371,0.933
2024,MI,Asian,3083,2836,0.92
2024,MI,Black,2692,2326,0.864
2024,MI,Hawaiian,35,34,0.971
2024,MI,Indigenous,312,285,0.913
2024,MI,White,32590,30871,0.947
2024,MN,Asian,2604,2454,0.942
2024,MN,Black,1817,1647,0.906
2024,MN,Hawaiian,27,23,0.852
2024,MN,Indigenous,317,293,0.924
2024,MN,White,22465,21675,0.965
2024,MO,Asian,1123,1023,0.911
2024,MO,Black,1347,1182,0.878
2024,MO,Hawaiian,18,16,0.889
2024,MO,Indigenous,176,161,0.915
2024,MO,White,19294,18384,0.953
2024,MS,Asian,212,177,0.835
2024,MS,Black,822,648,0.788
2024,MS,Hawaiian,5,4,0.8
2024,MS,Indigenous,29,20,0.69
2024,MS,White,3793,3541,0.934
2024,MT,Asian,59,56,0.949
2024,MT,Black,12,11,0.917
2024,MT,Hawaiian,6,5,0.833
2024,MT,Indigenous,48,42,0.875
2024,MT,White,3157,2949,0.934
2024,NC,Asian,5308,4912,0.925
2024,NC,Black,4652,4050,0.871
2024,NC,Hawaiian,78,65,0.833
2024,NC,Indigenous,389,334,0.859
2024,NC,White,34467,32598,0.946
2024,ND,Asian,97,90,0.928
2024,ND,Black,40,37,0.925
2024,ND,Hawaiian,3,3,1.0
2024,ND,Indigenous,32,28,0.875
2024,ND,White,2182,2070,0.949
2024,NE,Asian,456,424,0.93
2024,NE,Black,208,193,0.928
2024,NE,Hawaiian,5,5,1.0
2024,NE,Indigenous,64,58,0.906
2024,NE,White,6735,6463,0.96
2024,NH,Asian,337,320,0.95
2024,NH,Black,79,76,0.962
2024,NH,Hawaiian,6,6,1.0
2024,NH,Indigenous,30,29,0.967
2024,NH,White,5434,5058,0.931
2024,NJ,Asian,6920,6318,0.913
2024,NJ,Black,2595,2283,0.88
2024,NJ,Hawaiian,55,46,0.836
2024,NJ,Indigenous,205,190,0.927
2024,NJ,White,22707,21352,0.94
2024,NM,Asian,271,248,0.915
2024,NM,Black,113,100,0.885
2024,NM,Hawaiian,17,12,0.706
2024,NM,Indigenous,127,117,0.921
2024,NM,White,4650,4345,0.934
2024,NV,Asian,2438,2195,0.9
2024,NV,Black,763,686,0.899
2024,NV,Hawaiian,96,90,0.938
2024,NV,Indigenous,151,139,0.921
2024,NV,White,9224,8541,0.926
2024,NY,Asian,9257,8246,0.891
2024,NY,Black,3816,3216,0.843
2024,NY,Hawaiian,87,72,0.828
2024,NY,Indigenous,241,194,0.805
2024,NY,White,34332,31599,0.92
2024,OH,Asian,3021,2771,0.917
2024,OH,Black,3428,3055,0.891
2024,OH,Hawaiian,48,45,0.938
2024,OH,Indigenous,227,203,0.894
2024,OH,White,37663,35875,0.953
2024,OK,Asian,725,675,0.931
2024,OK,Black,399,351,0.88
2024,OK,Hawaiian,18,16,0.889
2024,OK,Indigenous,805,731,0.908
2024,OK,White,8493,7995,0.941
2024,OR,Asian,1659,1577,0.951
2024,OR,Black,441,405,0.918
2024,OR,Hawaiian,44,40,0.909
2024,OR,Indigenous,193,179,0.927
2024,OR,White,13312,12661,0.951
2024,PA,Asian,4490,4153,0.925
2024,PA,Black,3118,2770,0.888
2024,PA,Hawaiian,64,51,0.797
2024,PA,Indigenous,232,194,0.836
2024,PA,White,34537,32618,0.944
2024,PR,Asian,10,8,0.8
2024,PR,Black,178,157,0.882
2024,PR,Indigenous,6,4,0.667
2024,PR,White,1817,1462,0.805
2024,RI,Asian,199,181,0.91
2024,RI,Black,223,198,0.888
2024,RI,Hawaiian,6,5,0.833
2024,RI,Indigenous,13,12,0.923
2024,RI,White,3178,3010,0.947
2024,SC,Asian,1048,951,0.907
2024,SC,Black,1681,1463,0.87
2024,SC,Hawaiian,31,28,0.903
2024,SC,Indigenous,151,129,0.854
2024,SC,White,19867,18688,0.941
2024,SD,Asian,50,46,0.92
2024,SD,Black,33,27,0.818
2024,SD,Hawaiian,2,2,1.0
2024,SD,Indigenous,32,27,0.844
2024,SD,White,2656,2543,0.957
2024,TN,Asian,1574,1444,0.917
2024,TN,Black,1697,1504,0.886
2024,TN,Hawaiian,42,35,0.833
2024,TN,Indigenous,199,172,0.864
2024,TN,White,22652,21309,0.941
2024,TX,Asian,20730,19121,0.922
2024,TX,Black,7599,6574,0.865
2024,TX,Hawaiian,286,162,0.566
2024,TX,Indigenous,1321,1162,0.88
2024,TX,White,72190,67070,0.929
2024,UT,Asian,901,849,0.942
2024,UT,Black,137,127,0.927
2024,UT,Hawaiian,95,89,0.937
2024,UT,Indigenous,129,111,0.86
2024,UT,White,14590,13805,0.946
2024,VA,Asian,5636,5240,0.93
2024,VA,Black,2925,2652,0.907
2024,VA,Hawaiian,43,43,1.0
2024,VA,Indigenous,190,170,0.895
2024,VA,White,21602,20610,0.954
2024,VI,Black,4,3,0.75
2024,VI,White,8,6,0.75
2024,VT,Asian,77,73,0.948
2024,VT,Black,16,13,0.812
2024,VT,Indigenous,14,12,0.857
2024,VT,White,1844,1709,0.927
2024,WA,Asian,8180,7684,0.939
2024,WA,Black,1275,1177,0.923
2024,WA,Hawaiian,134,125,0.933
2024,WA,Indigenous,397,371,0.935
2024,WA,White,22268,21104,0.948
2024,WI,Asian,1156,1068,0.924
2024,WI,Black,875,767,0.877
2024,WI,Hawaiian,16,13,0.812
2024,WI,Indigenous,201,179,0.891
2024,WI,White,21659,20546,0.949
2024,WV,Asian,143,129,0.902
2024,WV,Black,106,96,0.906
2024,WV,Hawaiian,4,3,0.75
2024,WV,Indigenous,23,19,0.826
2024,WV,White,3516,3238,0.921
2024,WY,Asian,39,37,0.949
2024,WY,Black,8,8,1.0
2024,WY,Hawaiian,2,2,1.0
2024,WY,Indigenous,15,14,0.933
2024,WY,White,1473,1371,0.931
